0,1
,"The Brain-Heart Team Approach: Secondary Prevention After a Presumed PFO-
Mediated Stroke
Core Competence: Provider: Credit Type: Completed:"
,"Is Rapid Rise in CVT Concerning?
Core Competence: Provider: Credit Type: Completed:"
,"Does Too Much Sleep Increase Stroke Risk?
Core Competence: Provider: Credit Type: Completed:"
,"What Is the Impact of the Current Pandemic on Stroke Care?
Core Competence: Provider: Credit Type: Completed:"
,"A Quick Primer in Large Hemispheric Stroke: Recognition and Management of
Edema
Core Competence: Provider: Credit Type: Completed:"
,"Case Challenges in Stroke: When the Cause Is Not Crystal Clear
Core Competence: Provider: Credit Type: Completed:"
